"","Bb","Bg","Ee","Ip","Pk"
"Bb",0,0.373828986663766,0.371981683923982,0.384278709448287,0.0623809875464438
"Bg",0.373828986663766,0,0.141494114344006,0.277779552389389,0.366376136390621
"Ee",0.371981683923982,0.141494114344006,0,0.266543478442115,0.364916245659929
"Ip",0.384278709448287,0.277779552389389,0.266543478442115,0,0.390012181112706
"Pk",0.0623809875464438,0.366376136390621,0.364916245659929,0.390012181112706,0
